OMNH Item,Specimen,SAMPLE ID,sample,site,Taxa,δ18Op,δ18Op-r,±1σ
OMNH 26251,OMNH 26251a,OMNH 26251a1,a1,MM,Ornithischia,17,,0.1
OMNH 26251,OMNH 26251a,OMNH 26251a2,a2,MM,Ornithischia,17.2,,0.1
OMNH 26251,OMNH 26251b,OMNH 26251b1,b1,MM,Ornithischia,17.5,,0.1
OMNH 26251,OMNH 26251b,OMNH 26251b2,b2,MM,Ornithischia,18.6,,0.1
OMNH 26251,OMNH 26251e,OMNH 26251e,e,MM,Ornithischia,15.6,,0.2
OMNH 26251,OMNH 26251f,OMNH 26251f,f,MM,Ornithischia,15.5,,0.2
OMNH 26251,OMNH 26251g,OMNH 26251g1,g1,MM,Ornithischia,15.5,,0.2
OMNH 26251,OMNH 26251g,OMNH 26251g2,g2,MM,Ornithischia,17,,0.2
OMNH 26195,OMNH 26195a,OMNH 26195a4,a4,MM,Theropoda,15.6,,0.2
OMNH 26195,OMNH 26195b,OMNH 26195b1,b1,MM,Theropoda,19.8,,0.1
OMNH 26195,OMNH 26195b,OMNH 26195b2,b2,MM,Theropoda,20,,0.1
OMNH 26195,OMNH 26195b,OMNH 26195b3,b3,MM,Theropoda,19.9,,0.1
OMNH 26195,OMNH 26195b,OMNH 26195b4,b4,MM,Theropoda,19.4,,0.1
OMNH 26195,OMNH 26195b,OMNH 26195b4_dup,b4_dup,MM,Theropoda,18.9,,0.2
OMNH 26195,OMNH 26195b,OMNH 26195b5,b5,MM,Theropoda,19.7,,0.2
OMNH 26195,OMNH 26195c,OMNH 26195c1,c1,MM,Theropoda,16.5,,0.1
OMNH 26195,OMNH 26195c,OMNH 26195c2,c2,MM,Theropoda,16,,0.1
OMNH 26195,OMNH 26195d,OMNH 26195d,d,MM,Theropoda,17.5,,0.1
OMNH 27198,OMNH 27198a,OMNH 27198a1,a1,MM,Chelonia,15.3,14.9,0.1
OMNH 27198,OMNH 27198a,OMNH 27198a2,a2,MM,Chelonia,14.3,15.5,0.1
OMNH 27198,OMNH 27198a,OMNH 27198a3,a3,MM,Chelonia,16.6,,0.1
OMNH 27198,OMNH 27198a,OMNH 27198a4,a4,MM,Chelonia,16.1,,0.6
OMNH 27198,OMNH 27198a,OMNH 27198a5,a5,MM,Chelonia,15.3,,0.1
OMNH 27198,OMNH 27198a,OMNH 27198a6,a6,MM,Chelonia,14.7,,0.1
OMNH 27198,OMNH 27198a,OMNH 27198a7,a7,MM,Chelonia,16.2,,0.1
OMNH 27198,OMNH 27198a,OMNH 27198a8,a8,MM,Chelonia,16.4,,0.1
OMNH 27198,OMNH 27198a,OMNH 27198a10,a10,MM,Chelonia,16.2,,0.1
OMNH 28278,OMNH 28278a,OMNH 28278a,a,MM,Naomichelys?,15.1,,0.1
OMNH 28278,OMNH 28278b,OMNH 28278b,b,MM,Naomichelys?,14.9,,0.1
OMNH 28278,OMNH 28278c,OMNH 28278c,c,MM,Naomichelys?,14.7,,0.1
OMNH 28268,OMNH 28268a,OMNH 28268a1,a1,MM,Goniopholididae,16.5,,0.1
OMNH 28268,OMNH 28268a,OMNH 28268a2,a2,MM,Goniopholididae,15.9,,0.1
OMNH 28268,OMNH 28268a,OMNH 28268a3,a3,MM,Goniopholididae,16.2,,0.6
OMNH 28268,OMNH 28268b,OMNH 28268b1,b1,MM,Goniopholididae,16.5,,0.1
OMNH 28268,OMNH 28268c,OMNH 28268c1,c1,MM,Goniopholididae,16.2,,0.1
OMNH 28265,OMNH 28265a,OMNH 28265a1,a1,MM,Atoposauridae,16.9,,0.1
OMNH 28265,OMNH 28265b,OMNH 28265b1,b1,MM,Atoposauridae,18.5,,0.1
OMNH 28265,OMNH 28265c,OMNH 28265c1,c1,MM,Atoposauridae,16.9,,0.1
OMNH 28265,OMNH 28265d,OMNH 28265d1,d1,MM,Atoposauridae,16.8,,0.1
OMNH 28265,OMNH 28265d,OMNH 28265d2,d2,MM,Atoposauridae,16.6,,0.1
OMNH 25768,OMNH 25768a,OMNH 25768a,a,MM,Mammalia,15.8,,0.1
OMNH 25768,OMNH 25768b,OMNH 25768b,b,MM,Mammalia,16.2,,0.1
OMNH 25768,OMNH 25768c,OMNH 25768c,c,MM,Mammalia,15.6,,0.1
OMNH 25768,OMNH 25768e,OMNH 25768e,e,MM,Mammalia,15.9,,0.1
OMNH 25768,OMNH 25768f,OMNH 25768f,f,MM,Mammalia,16,,0.2
OMNH 25768,OMNH 25768g,OMNH 25768g,g,MM,Mammalia,16.3,,0.2
OMNH 25768,OMNH 25768h,OMNH 25768h2,h2,MM,Mammalia,15.1,,0.2
OMNH 25768,OMNH 25768i,OMNH 25768i,i,MM,Mammalia,17.2,,0.2
OMNH 25768,OMNH 25768j,OMNH 25768j,j,MM,Mammalia,17.4,,0.2
OMNH 25768,OMNH 25768f,OMNH 25768f,f,MM,Mammalia,14.1,,0.4
OMNH 25768,OMNH 25768g,OMNH 25768g1,g1,MM,Mammalia,14.4,,0.1
OMNH 25768,OMNH 25768h,OMNH 25768h1,h1,MM,Mammalia,13.8,,0.4
OMNH 25768,OMNH 25768i,OMNH 25768i,i,MM,Mammalia,14.1,,0.1
OMNH 25768,OMNH 25768j,OMNH 25768j,j,MM,Mammalia,13.7,,0.1
OMNH 33404,OMNH 33404a,OMNH 33404a1,a1,MM,Ornithischia,16.2,,0.2
OMNH 33404,OMNH 33404a,OMNH 33404a2,a2,MM,Ornithischia,16.8,,0.2
OMNH 33404,OMNH 33404a,OMNH 33404a3,a3,MM,Ornithischia,16.1,,0.3
OMNH 33404,OMNH 33404a,OMNH 33404a4,a4,MM,Ornithischia,17.2,,0.2
OMNH 33404,OMNH 33404a,OMNH 33404a5,a5,MM,Ornithischia,16.2,,0.3
OMNH 33404,OMNH 33404a,OMNH 33404a6,a6,MM,Ornithischia,16.4,,0.2
OMNH 33404,OMNH 33404a,OMNH 33404a7,a7,MM,Ornithischia,15.9,,0.3
OMNH 33404,OMNH 33404a,OMNH 33404a8,a8,MM,Ornithischia,16.2,,0.3
OMNH 33404,OMNH 33404a,OMNH 33404a9,a9,MM,Ornithischia,16.1,,0.3
OMNH 33404,OMNH 33404b,OMNH 33404b1,b1,MM,Ornithischia,17.4,,0.5
OMNH 33404,OMNH 33404b,OMNH 33404b3,b3,MM,Ornithischia,17.3,,0.5
OMNH 33404,OMNH 33404b,OMNH 33404b5,b5,MM,Ornithischia,17,,0.3
OMNH 33404,OMNH 33404b,OMNH 33404b6,b6,MM,Ornithischia,17.3,,0.3
OMNH 33404,OMNH 33404c,OMNH 33404c,c,MM,Ornithischia,15.5,,0.3
OMNH-32104,OMNH-32104a,OMNH-32104a1,a1,MM,Hadrosauridae,17.5,,0.5
OMNH-32104,OMNH-32104a,OMNH-32104a2,a2,MM,Hadrosauridae,17.4,,0.5
OMNH-32104,OMNH-32104a,OMNH-32104a3,a3,MM,Hadrosauridae,16.9,,0.5
OMNH-32104,OMNH-32104a,OMNH-32104a4,a4,MM,Hadrosauridae,14,,0.5
OMNH-32104,OMNH-32104a,OMNH-32104a5,a5,MM,Hadrosauridae,17.5,,0.5
OMNH-32104,OMNH-32104a,OMNH-32104a6,a6,MM,Hadrosauridae,16.8,,0.5
OMNH-32104,OMNH-32104a,OMNH-32104a7,a7,MM,Hadrosauridae,17.3,,0.5
OMNH-32104,OMNH-32104b,OMNH-32104b1,b1,MM,Hadrosauridae,16,16.8,0.5
OMNH-32104,OMNH-32104b,OMNH-32104b2,b2,MM,Hadrosauridae,16.6,,0.5
OMNH-32104,OMNH-32104b,OMNH-32104b3,b3,MM,Hadrosauridae,16.7,,0.5
OMNH-32104,OMNH-32104b,OMNH-32104b4,b4,MM,Hadrosauridae,16.6,,0.5
OMNH-32104,OMNH-32104b,OMNH-32104b5,b5,MM,Hadrosauridae,16.9,,0.5
OMNH-32104,OMNH-32104b,OMNH-32104b6,b6,MM,Hadrosauridae,16.6,,0.5
OMNH-32104,OMNH-32104b,OMNH-32104b7,b7,MM,Hadrosauridae,16.5,,0.5
OMNH-32104,OMNH-32104b,OMNH-32104b8,b8,MM,Hadrosauridae,17.2,,0.5
OMNH-32104,OMNH-32104c,OMNH-32104c1,c1,MM,Hadrosauridae,17,,0.5
OMNH-32104,OMNH-32104c,OMNH-32104c2,c2,MM,Hadrosauridae,17.2,,0.5
OMNH-32104,OMNH-32104c,OMNH-32104c3,c3,MM,Hadrosauridae,17,,0.5
OMNH-32104,OMNH-32104c,OMNH-32104c4,c4,MM,Hadrosauridae,14.5,,0.5
OMNH-32104,OMNH-32104c,OMNH-32104c5,c5,MM,Hadrosauridae,17.2,,0.5
OMNH-32104,OMNH-32104c,OMNH-32104c6,c6,MM,Hadrosauridae,15.9,,0.5
OMNH 60901,OMNH 60901a,OMNH 60901a1,a1,MM,Chelonia,16.6,,0.3
OMNH 60901,OMNH 60901a,OMNH 60901a2,a2,MM,Chelonia,16.5,,0.3
OMNH 60901,OMNH 60901a,OMNH 60901a3,a3,MM,Chelonia,15.6,,0.2
OMNH 60901,OMNH 60901a,OMNH 60901a4,a4,MM,Chelonia,16.2,,0.2
OMNH 60901,OMNH 60901a,OMNH 60901a5,a5,MM,Chelonia,16.3,,0.3
OMNH 60901,OMNH 60901a,OMNH 60901a6,a6,MM,Chelonia,16.8,,0.3
OMNH 60901,OMNH 60901a,OMNH 60901a7,a7,MM,Chelonia,16.9,,0.3
OMNH 60901,OMNH 60901c,OMNH 60901c1,c1,MM,Chelonia,16.5,,0.3
OMNH 60901,OMNH 60901c,OMNH 60901c2,c2,MM,Chelonia,16.7,,0.3
OMNH 60901,OMNH 60901c,OMNH 60901c3,c3,MM,Chelonia,16.7,,0.3
OMNH 60901,OMNH 60901c,OMNH 60901c4,c4,MM,Chelonia,16.6,,0.3
OMNH 60901,OMNH 60901d,OMNH 60901d1,d1,MM,Chelonia,15,,0.2
OMNH 60901,OMNH 60901d,OMNH 60901d2,d2,MM,Chelonia,15.8,,0.3
OMNH 60901,OMNH 60901d,OMNH 60901d3,d3,MM,Chelonia,16.1,,0.3
OMNH 60901,OMNH 60901d,OMNH 60901d4,d4,MM,Chelonia,15.4,,0.2
OMNH 60901,OMNH 60901d,OMNH 60901d5,d5,MM,Chelonia,15.5,,0.2
OMNH 60901,OMNH 60901e,OMNH 60901e2,e2,MM,Chelonia,16.3,,0.2
OMNH 22092,OMNH 22092a,OMNH 22092a3,a3,MM,Goniopholididae,17.3,,0.9
OMNH 22092,OMNH 22092a,OMNH 22092a4,a4,MM,Goniopholididae,16.9,,0.9
OMNH 22092,OMNH 22092a,OMNH 22092a5,a5,MM,Goniopholididae,17.2,,0.9
OMNH 22092,OMNH 22092a,OMNH 22092a6,a6,MM,Goniopholididae,17.6,,0.9
OMNH 22092,OMNH 22092a,OMNH 22092abulk,abulk,MM,Goniopholididae,18.6,,2.2
OMNH 22092,OMNH 22092b,OMNH 22092b3,b3,MM,Goniopholididae,16.9,,0.9
OMNH 22092,OMNH 22092b,OMNH 22092b4,b4,MM,Goniopholididae,16.5,,0.9
OMNH 22092,OMNH 22092b,OMNH 22092b6,b6,MM,Goniopholididae,17.4,,0.9
OMNH 22092,OMNH 22092c,OMNH 22092c3,c3,MM,Goniopholididae,17.4,,0.9
OMNH 22092,OMNH 22092c,OMNH 22092c4,c4,MM,Goniopholididae,17.1,,0.9
OMNH 22092,OMNH 22092c,OMNH 22092c5,c5,MM,Goniopholididae,17,,0.9
OMNH 22092,OMNH 22092d,OMNH 22092d1,d1,MM,Goniopholididae,16.8,,0.7
OMNH 22092,OMNH 22092d,OMNH 22092d2,d2,MM,Goniopholididae,16.4,16.7,0.9
OMNH 22090,OMNH 22090a,OMNH 22090a1,a1,MM,Atoposauridae,16.9,,0.9
OMNH 22090,OMNH 22090a,OMNH 22090a2,a2,MM,Atoposauridae,17.7,,0.9
OMNH 22090,OMNH 22090b,OMNH 22090b2,b2,MM,Atoposauridae,17.1,,0.9
OMNH 22090,OMNH 22090c,OMNH 22090c3,c3,MM,Atoposauridae,16.4,,0.9
OMNH 22090,OMNH 22090d,OMNH 22090d2,d2,MM,Atoposauridae,16.8,,0.9
OMNH 22090,OMNH 22090e,OMNH 22090e2,e2,MM,Atoposauridae,17.2,,0.9
OMNH 32963,OMNH 32963a,OMNH 32963a2,a2,MM,Mammalia,16.9,,0.9
OMNH 32963,OMNH 32963b,OMNH 32963b,b,MM,Mammalia,13.8,,0.9
OMNH 32963,OMNH 32963d,OMNH 32963d2,d2,MM,Mammalia,17.1,,0.9
OMNH 32963,OMNH 32963e,OMNH 32963e,e,MM,Mammalia,15.5,,0.9
OMNH 32963,OMNH 32963h,OMNH 32963h,h,MM,Mammalia,16.8,,0.9
OMNH 32963,OMNH 32963i,OMNH 32963i,i,MM,Mammalia,16.2,,0.9
OMNH 32963,OMNH 32963j,OMNH 32963j,j,MM,Mammalia,17.4,,0.3
OMNH 32963,OMNH 32963k,OMNH 32963k,k,MM,Mammalia,16.9,,0.4
OMNH 32963,OMNH 32963l,OMNH 32963l,l,MM,Mammalia,16,,0.3
OMNH 32963,OMNH 32963m,OMNH 32963m,m,MM,Mammalia,16.5,,0.3
OMNH 32963,OMNH 32963n,OMNH 32963n,n,MM,Mammalia,16.3,,0.3
OMNH-28880,OMNH-28880-,OMNH-28880-1,-1,MM,Theropoda,19,,0.3
OMNH-28880,OMNH-28880-,OMNH-28880-2,-2,MM,Theropoda,18.7,,0.3
OMNH-28880,OMNH-28880-,OMNH-28880-4,-4,MM,Theropoda,18.3,,0.3
OMNH-61560,OMNH-61560a,OMNH-61560a-1,a-1,MM,Theropoda,17.3,,0.4
OMNH-61560,OMNH-61560a,OMNH-61560a2,a2,MM,Theropoda,16.4,,0.4
OMNH-61560,OMNH-61560a,OMNH-61560a3,a3,MM,Theropoda,17.5,,0.4
OMNH-61560,OMNH-61560b,OMNH-61560b2,b2,MM,Theropoda,19.1,,0.4
OMNH-61560,OMNH-61560b,OMNH-61560b3,b3,MM,Theropoda,17.8,,0
OMNH-61560,OMNH-61560c,OMNH-61560c1,c1,MM,Theropoda,19.1,,0.5
OMNH-61560,OMNH-61560c,OMNH-61560c2,c2,MM,Theropoda,18.2,,0.5
OMNH-61560,OMNH-61560c,OMNH-61560c3,c3,MM,Theropoda,19.8,,0.4
OMNH 28302,OMNH 28302a,OMNH 28302a1,a1,MM,Ornithischia,15.7,,0.3
OMNH 28302,OMNH 28302a,OMNH 28302a2,a2,MM,Ornithischia,15.8,,0.3
OMNH 28302,OMNH 28302a,OMNH 28302a4,a4,MM,Ornithischia,15.7,,0.3
OMNH 28302,OMNH 28302a,OMNH 28302a5,a5,MM,Ornithischia,16.1,,0.3
OMNH 28302,OMNH 28302a,OMNH 28302a6,a6,MM,Ornithischia,15.4,,0
OMNH 28302,OMNH 28302a,OMNH 28302a7,a7,MM,Ornithischia,15.6,,0
OMNH 28302,OMNH 28302a,OMNH 28302a8,a8,MM,Ornithischia,14.8,,0
OMNH 28302,OMNH 28302a,OMNH 28302a10,a10,MM,Ornithischia,15.2,,0
OMNH-27852,OMNH-27852a,OMNH-27852a1,a1,MM,Hadrosauridae,17.4,,0.5
OMNH-27852,OMNH-27852a,OMNH-27852a2,a2,MM,Hadrosauridae,16.2,,0.4
OMNH-27852,OMNH-27852a,OMNH-27852a3,a3,MM,Hadrosauridae,17.3,,0.4
OMNH-27852,OMNH-27852a,OMNH-27852a4,a4,MM,Hadrosauridae,17.2,,0.4
OMNH-27852,OMNH-27852b,OMNH-27852b3,b3,MM,Hadrosauridae,15.5,,0.4
OMNH-27852,OMNH-27852b,OMNH-27852b4,b4,MM,Hadrosauridae,15.4,,0.4
OMNH-27852,OMNH-27852b,OMNH-27852b5,b5,MM,Hadrosauridae,16.2,,0.4
OMNH-27852,OMNH-27852b,OMNH-27852b6,b6,MM,Hadrosauridae,15.5,,0
OMNH-27852,OMNH-27852b,OMNH-27852b7,b7,MM,Hadrosauridae,15.2,,0
OMNH-28036,OMNH-28036a,OMNH-28036a1,a1,MM,Naomichelys sp.,15.9,,0.5
OMNH-28036,OMNH-28036a,OMNH-28036a2,a2,MM,Naomichelys sp.,16.4,,0.3
OMNH-28036,OMNH-28036a,OMNH-28036a3,a3,MM,Naomichelys sp.,16.3,,0.3
OMNH-28036,OMNH-28036a,OMNH-28036a4,a4,MM,Naomichelys sp.,17.1,,0.3
OMNH-28036,OMNH-28036a,OMNH-28036a5,a5,MM,Naomichelys sp.,14.9,,0.3
OMNH-28036,OMNH-28036a,OMNH-28036a6,a6,MM,Naomichelys sp.,15.4,,0.3
OMNH-28036,OMNH-28036a,OMNH-28036a8,a8,MM,Naomichelys sp.,15.7,,0.6
OMNH-28036,OMNH-28036a,OMNH-28036a9,a9,MM,Naomichelys sp.,15.7,,0.6
OMNH-28036,OMNH-28036a,OMNH-28036a10,a10,MM,Naomichelys sp.,16.2,,0.3
OMNH-28036,OMNH-28036a,OMNH-28036a11,a11,MM,Naomichelys sp.,16.8,,0.4
OMNH 28887,OMNH 28887a,OMNH 28887a2,a2,MM,Goniopholididae,16.3,,0.2
OMNH 28887,OMNH 28887a,OMNH 28887a3,a3,MM,Goniopholididae,17.3,,0.2
OMNH 28887,OMNH 28887a,OMNH 28887a4,a4,MM,Goniopholididae,16.6,,0.2
OMNH 28887,OMNH 28887a,OMNH 28887a5,a5,MM,Goniopholididae,17.1,,0.2
OMNH 28887,OMNH 28887a,OMNH 28887a6,a6,MM,Goniopholididae,14.4,,0.2
OMNH 28887,OMNH 28887a,OMNH 28887a7,a7,MM,Goniopholididae,17,,0.2
OMNH 28887,OMNH 28887a,OMNH 28887a8,a8,MM,Goniopholididae,15.5,,0.5
OMNH 28887,OMNH 28887a,OMNH 28887a10,a10,MM,Goniopholididae,16.2,,0.5
OMNH 28887,OMNH 28887b,OMNH 28887b1,b1,MM,Goniopholididae,14.7,,0.2
OMNH 28887,OMNH 28887b,OMNH 28887b3,b3,MM,Goniopholididae,16,,0.2
OMNH 28887,OMNH 28887b,OMNH 28887b4,b4,MM,Goniopholididae,17.4,,0.2
OMNH 28887,OMNH 28887b,OMNH 28887b5,b5,MM,Goniopholididae,18.3,,0.2
OMNH 28887,OMNH 28887b,OMNH 28887b6,b6,MM,Goniopholididae,17.4,,0.2
OMNH 28887,OMNH 28887c,OMNH 28887c1,c1,MM,Goniopholididae,16.6,,0.4
OMNH 28887,OMNH 28887c,OMNH 28887c4,c4,MM,Goniopholididae,14.9,,0.4
OMNH 28887,OMNH 28887c,OMNH 28887c5,c5,MM,Goniopholididae,15.8,,0.4
OMNH 28887,OMNH 28887c,OMNH 28887c6,c6,MM,Goniopholididae,15.8,,0.4
OMNH 28887,OMNH 28887d,OMNH 28887d3,d3,MM,Goniopholidae,16.2,,0.4
OMNH 28887,OMNH 28887d,OMNH 28887d4,d4,MM,Goniopholidae,16.3,,0.4
OMNH 28887,OMNH 28887e,OMNH 28887e1,e1,MM,Goniopholidae,15.9,,0.4
OMNH 28887,OMNH 28887e,OMNH 28887e3,e3,MM,Goniopholidae,16.6,,0.4
OMNH 30477,OMNH 30477a,OMNH 30477a1,a1,MM,Multituberculata,17,,0.4
OMNH 30477,OMNH 30477b,OMNH 30477b1,b1,MM,Multituberculata,16.5,,0.4
OMNH 30477,OMNH 30477c,OMNH 30477c1,c1,MM,Multituberculata,15.5,,0.4
OMNH 30477,OMNH 30477d,OMNH 30477d1,d1,MM,Multituberculata,14.8,,0
OMNH 30477,OMNH 30477e,OMNH 30477e1,e1,MM,Multituberculata,15.3,,0
OMNH 30477,OMNH 30477f,OMNH 30477f1,f1,MM,Multituberculata,17.3,,0
OMNH 30477,OMNH 30477f,OMNH 30477f1_dup,f1_dup,MM,Multituberculata,17.3,,0
OMNH 30477,OMNH 30477f,OMNH 30477f2,f2,MM,Multituberculata,16.4,,0
OMNH 33973,OMNH 33973a,OMNH 33973a1,a1,MM,Mammalia,15.6,,0.1
OMNH 33973,OMNH 33973c,OMNH 33973c1,c1,MM,Mammalia,17.5,,0.1
OMNH 33973,OMNH 33973c,OMNH 33973c2,c2,MM,Mammalia,16.9,16.8,0.1
OMNH 33973,OMNH 33973e,OMNH 33973e1,e1,MM,Mammalia,16.3,,0.1
OMNH 32073,OMNH 32073a,OMNH 32073a1,a1,MM,Hadrosauridae,15.4,,0.5
OMNH 32073,OMNH 32073a,OMNH 32073a2,a2,MM,Hadrosauridae,15.6,15.1,0.7
OMNH 32073,OMNH 32073b,OMNH 32073b2,b2,MM,Hadrosauridae,17.2,,0.6
OMNH 32073,OMNH 32073b,OMNH 32073b3,b3,MM,Hadrosauridae,17.6,,0.6
OMNH 32073,OMNH 32073b,OMNH 32073b4,b4,MM,Hadrosauridae,15.2,,0
OMNH 32073,OMNH 32073c,OMNH 32073c1,c1,MM,Hadrosauridae,16.1,,0.6
OMNH 32073,OMNH 32073c,OMNH 32073c2,c2,MM,Hadrosauridae,16.4,,0.7
OMNH 32073,OMNH 32073c,OMNH 32073c3,c3,MM,Hadrosauridae,16,,0.6
OMNH 32073,OMNH 32073c,OMNH 32073c4,c4,MM,Hadrosauridae,17.8,,0
OMNH 34374,OMNH 34374a,OMNH 34374a1,a1,MM,Theropoda,15.4,,0.6
OMNH 34374,OMNH 34374b,OMNH 34374b1,b1,MM,Theropoda,17.2,,0.6
OMNH 34374,OMNH 34374c,OMNH 34374c1,c1,MM,Theropoda,17.5,,0.6
OMNH 34374,OMNH 34374d,OMNH 34374d1,d1,MM,Theropoda,17.6,,0
OMNH 34374,OMNH 34374e,OMNH 34374e1,e1,MM,Theropoda,15.5,,0
OMNH 34374,OMNH 34374f,OMNH 34374f1,f1,MM,Theropoda,15.4,,0
OMNH 34374,OMNH 34374g,OMNH 34374g1,g1,MM,Theropoda,17.8,,0
OMNH 34374,OMNH 34374h,OMNH 34374h1,h1,MM,Theropoda,18.2,,0
OMNH 34374,OMNH 34374i,OMNH 34374i1,i1,MM,Theropoda,18.5,,0
OMNH 34374,OMNH 34374j,OMNH 34374j1,j1,MM,Theropoda,17,,0
OMNH 34374,OMNH 34374j,OMNH 34374j_dup,j_dup,MM,Theropoda,17.4,,0.3
OMNH 25544,OMNH 25544a,OMNH 25544a1,a1,MM,Crocodylia scute,15.1,,0.5
OMNH 25544,OMNH 25544a,OMNH 25544a2,a2,MM,Crocodylia scute,15.3,,0.5
OMNH 25544,OMNH 25544a,OMNH 25544a3,a3,MM,Crocodylia scute,15.8,,0.5
OMNH 25544,OMNH 25544a,OMNH 25544a4,a4,MM,Crocodylia scute,16,,0
OMNH 25544,OMNH 25544b,OMNH 25544b1,b1,MM,Crocodylia scute,15.5,15.6,0.6
OMNH 25544,OMNH 25544b,OMNH 25544b2,b2,MM,Crocodylia scute,15.8,,0.5
OMNH 25544,OMNH 25544b,OMNH 25544b3,b3,MM,Crocodylia scute,15.7,,0.5
OMNH 25544,OMNH 25544c,OMNH 25544c1,c1,MM,Crocodylia scute,15.4,,0.5
OMNH 25544,OMNH 25544c,OMNH 25544c2,c2,MM,Crocodylia scute,15.6,,0.5
OMNH 25544,OMNH 25544c,OMNH 25544c3,c3,MM,Crocodylia scute,16.1,,0.5
OMNH 25543,OMNH 25543a,OMNH 25543a1,a1,MM,Crocodylia scute,16.6,,0
OMNH 25543,OMNH 25543b,OMNH 25543b1,b1,MM,Crocodylia scute,16.6,,0
OMNH 30054,OMNH 30054a,OMNH 30054a1,a1,MM,Goniopholididae,17.3,,0.5
OMNH 30054,OMNH 30054a,OMNH 30054a2,a2,MM,Goniopholididae,17.7,,0.5
OMNH 30054,OMNH 30054b,OMNH 30054b1,b1,MM,Goniopholididae,18,,0.5
OMNH 30054,OMNH 30054d,OMNH 30054d1,d1,MM,Goniopholididae,16.6,,0
OMNH 30054,OMNH 30054e,OMNH 30054e1,e1,MM,Goniopholididae,17.6,,0
OMNH 30054,OMNH 30054f,OMNH 30054f1,f1,MM,Goniopholididae,18.7,,0
OMNH 28270,OMNH 28270a,OMNH 28270a1,a1,MM,Atoposauridae,16.4,,0.5
OMNH 28270,OMNH 28270b,OMNH 28270b1,b1,MM,Atoposauridae,17.7,,0.5
OMNH 28270,OMNH 28270c,OMNH 28270c1,c1,MM,Atoposauridae,16.9,,0.5
OMNH 28270,OMNH 28270d,OMNH 28270d1,d1,MM,Atoposauridae,17,,0
OMNH 28270,OMNH 28270e,OMNH 28270e1,e1,MM,Atoposauridae,16.1,,0
OMNH 28270,OMNH 28270f,OMNH 28270f1,f1,MM,Atoposauridae,16.4,,0
OMNH 25543,OMNH 25543a,OMNH 25543a1,a1,MM,Crocodylia,16.6,,0
OMNH 25543,OMNH 25543b,OMNH 25543b1,b1,MM,Crocodylia,16.5,,0
OMNH 25543,OMNH 25543b,OMNH 25543b1_dup,b1_dup,MM,Crocodylia,15.8,,0
OMNH 25606,OMNH 25606a,OMNH 25606a1,a1,MM,Tribosphenida,17.1,,0.5
OMNH 25606,OMNH 25606b,OMNH 25606b1,b1,MM,Tribosphenida,16.4,,0.5
OMNH 25606,OMNH 25606c,OMNH 25606c1,c1,MM,Tribosphenida,17.6,,0.3
OMNH 25606,OMNH 25606d,OMNH 25606d1,d1,MM,Tribosphenida,16,,0
OMNH 29743,OMNH 29743a,OMNH 29743a1,a1,MM,Mammalia,15.8,16.3,0.5
OMNH 29743,OMNH 29743b,OMNH 29743b1,b1,MM,Mammalia,,,0.5
OMNH 29743,OMNH 29743c,OMNH 29743c1,c1,MM,Mammalia,16.3,,0.5
OMNH 29743,OMNH 29743d,OMNH 29743d1,d1,MM,Mammalia,16.5,,0.5
OMNH 29743,OMNH 29743e,OMNH 29743e1,e1,MM,Mammalia,16.7,16.5,0.6
OMNH 29743,OMNH 29743f,OMNH 29743f2,f2,MM,Mammalia,17,,0
OMNH 29743,OMNH 29743g,OMNH 29743g1,g1,MM,Mammalia,14.4,,0
OMNH 29743,OMNH 29743h,OMNH 29743h1,h1,MM,Mammalia,17.1,,0
OMNH 25585,OMNH 25585a,OMNH 25585a1,a1,MM,Multituberculata,15.9,,0.5
OMNH 25585,OMNH 25585b,OMNH 25585b1,b1,MM,Multituberculata,17.3,,0.5
OMNH 25585,OMNH 25585c,OMNH 25585c1,c1,MM,Multituberculata,16.4,,0.5
OMNH 25585,OMNH 25585d,OMNH 25585d1,d1,MM,Multituberculata,17.5,,0
OMNH 25585,OMNH 25585e,OMNH 25585e1,e1,MM,Multituberculata,16.1,,0
OMNH 25585,OMNH 25585f,OMNH 25585f1,f1,MM,Multituberculata,16.6,,0
OMNH 29953,OMNH 29953a,OMNH 29953a3,a3,MM,Goniopholididae,14.9,,0.9
OMNH 29953,OMNH 29953b,OMNH 29953b1,b1,MM,Goniopholididae,16,,0.2
OMNH 29953,OMNH 29953c,OMNH 29953c1,c1,MM,Goniopholididae,15.2,,0.6
OMNH 29953,OMNH 29953c,OMNH 29953c2,c2,MM,Goniopholididae,15.7,,0.2
OMNH 29953,OMNH 29953d,OMNH 29953d1,d1,MM,Goniopholididae,16.6,,0.9
OMNH 29953,OMNH 29953e,OMNH 29953e1,e1,MM,Goniopholididae,15.9,,0.9
OMNH 29953,OMNH 29953f,OMNH 29953f1,f1,MM,Goniopholididae,17.2,,0.9
OMNH 29952,OMNH 29952a,OMNH 29952a1,a1,MM,Atoposauridae,16.1,,0.6
OMNH 29952,OMNH 29952c,OMNH 29952c1,c1,MM,Atoposauridae,16.7,,0.7
OMNH 29952,OMNH 29952d,OMNH 29952d1,d1,MM,Atoposauridae,15.8,,0.9
OMNH 29952,OMNH 29952e,OMNH 29952e1,e1,MM,Atoposauridae,15.8,,0.9
OMNH 29952,OMNH 29952f,OMNH 29952f1,f1,MM,Atoposauridae,17.6,,0.9
OMNH 29716,OMNH 29716a,OMNH 29716a1,a1,MM,Mammalia,15.8,,0.6
OMNH 29716,OMNH 29716b,OMNH 29716b1,b1,MM,Mammalia,17.1,,0.7
OMNH 29716,OMNH 29716c,OMNH 29716c1,c1,MM,Mammalia,15.9,,0.7
OMNH 29716,OMNH 29716f,OMNH 29716f1,f1,MM,Mammalia,16.3,,0.9
OMNH 29716,OMNH 29716g,OMNH 29716g1,g1,MM,Mammalia,16.5,,0.9
OMNH 29716,OMNH 29716h,OMNH 29716h1,h1,MM,Mammalia,17.3,,0.3
OMNH 29716,OMNH 29716i,OMNH 29716i1,i1,MM,Mammalia,17.7,,0.9
OMNH 29716,OMNH 29716j,OMNH 29716j1,j1,MM,Mammalia,17.7,,0.3
OMNH 29716,OMNH 29716k,OMNH 29716k1,k1,MM,Mammalia,16.1,,0.3
OMNH 26285,OMNH 26285a,OMNH 26285a1,a1,MM,Theropoda,16.5,,0.3
OMNH 26285,OMNH 26285b,OMNH 26285b1,b1,MM,Theropoda,16.6,,0.3
OMNH 26285,OMNH 26285d,OMNH 26285d1,d1,MM,Theropoda,16.4,,0.2
OMNH 26285,OMNH 26285e,OMNH 26285e1,e1,MM,Theropoda,18.2,,0.3
OMNH 26285,OMNH 26285f,OMNH 26285f1,f1,MM,Theropoda,15.3,,0.2
OMNH 26285,OMNH 26285f,OMNH 26285f1_dup,f1_dup,MM,Theropoda,16.1,,0.3
OMNH 26285,OMNH 26285g,OMNH 26285g1,g1,MM,Theropoda,16.8,,0.2
OMNH 26285,OMNH 26285h,OMNH 26285h1,h1,MM,Theropoda,16.8,,0.3
OMNH 26285,OMNH 26285i,OMNH 26285i1,i1,MM,Theropoda,15.6,,0.2
OMNH 26285,OMNH 26285i,OMNH 26285i2,i2,MM,Theropoda,15.3,,0.2
OMNH 26285,OMNH 26285j,OMNH 26285j1,j1,MM,Theropoda,17.5,,0.2
OMNH 32701,OMNH 32701a,OMNH 32701a1,a1,MM,Hadrosauridae,15.3,,0.3
OMNH 32701,OMNH 32701a,OMNH 32701a3,a3,MM,Hadrosauridae,14.5,,0.2
OMNH 32701,OMNH 32701b,OMNH 32701b3,b3,MM,Hadrosauridae,17.1,,0.3
OMNH 32701,OMNH 32701b,OMNH 32701b4,b4,MM,Hadrosauridae,16.7,,0.3
OMNH 32701,OMNH 32701c,OMNH 32701c1,c1,MM,Hadrosauridae,16.7,,0.3
OMNH 32701,OMNH 32701c,OMNH 32701c2,c2,MM,Hadrosauridae,16.4,,0.3
OMNH 26277,OMNH 26277a,OMNH 26277a1,a1,MM,Chelonia costal frag,16.8,,0.3
OMNH 26277,OMNH 26277a,OMNH 26277a2,a2,MM,Chelonia costal frag,16.4,,0.3
OMNH 26277,OMNH 26277a,OMNH 26277a3,a3,MM,Chelonia costal frag,15.5,,0.3
OMNH 26277,OMNH 26277a,OMNH 26277a4,a4,MM,Chelonia costal frag,17.2,,0.3
OMNH 26277,OMNH 26277a,OMNH 26277a5,a5,MM,Chelonia costal frag,16.6,,0.2
OMNH 26277,OMNH 26277a,OMNH 26277a6,a6,MM,Chelonia costal frag,17.2,,0.2
OMNH 26277,OMNH 26277a,OMNH 26277a7,a7,MM,Chelonia costal frag,16.2,,0.2
OMNH 26277,OMNH 26277a,OMNH 26277a8,a8,MM,Chelonia costal frag,16.4,,0.2
OMNH 26277,OMNH 26277a,OMNH 26277a9,a9,MM,Chelonia costal frag,17.1,,0.2
OMNH 28785,OMNH 28785a,OMNH 28785a1,a1,MM,Bernissartia sp,19,,0.3
OMNH 28785,OMNH 28785b,OMNH 28785b1,b1,MM,Bernissartia sp,17.1,,0.3
OMNH 28785,OMNH 28785d,OMNH 28785d1,d1,MM,Bernissartia sp,16.1,,0.2
OMNH 28785,OMNH 28785e,OMNH 28785e1,e1,MM,Bernissartia sp,15.5,,0.2
OMNH 28785,OMNH 28785e,OMNH 28785e1_dup,e1_dup,MM,Bernissartia sp,15.8,,0.2
OMNH 28783,OMNH 28783b,OMNH 28783b1,b1,MM,Atoposauridae,18.5,,0.3
OMNH 28783,OMNH 28783d,OMNH 28783d1,d1,MM,Atoposauridae,16.8,,0.2
OMNH 32782 ,OMNH 32782a,OMNH 32782a1,a1,MM,Goniopholididae,16.1,,0.2
OMNH 32782 ,OMNH 32782b,OMNH 32782b1,b1,MM,Goniopholididae,19.5,,0.2
OMNH 32782,OMNH 32782d,OMNH 32782d1,d1,MM,Goniopholididae,18.4,,0.2
OMNH 26291,OMNH 26291a,OMNH 26291a1,a1,MM,Crocodylia,17.7,,0.09
OMNH 26291,OMNH 26291b,OMNH 26291b1,b1,MM,Crocodylia,17.1,,0.2
OMNH 26291,OMNH 26291c,OMNH 26291c1,c1,MM,Crocodylia,19.3,,0.2
OMNH 26496,OMNH 26496b,OMNH 26496b1,b1,MM,Ornithischia,17.6,,0.7
OMNH 26496,OMNH 26496d,OMNH 26496d1,d1,MM,Ornithischia,18,,0.5
OMNH 26496,OMNH 26496e,OMNH 26496e1,e1,MM,Ornithischia,18.4,,0.2
OMNH 26496,OMNH 26496c,OMNH 26496c1,c1,MM,Ornithischia,17.1,,0.2
OMNH 26496,OMNH 26496d,OMNH 26496d1,d1,MM,Ornithischia,17.3,,0.5
OMNH 26496,OMNH 26496e,OMNH 26496e1,e1,MM,Ornithischia,17.4,,0.5
OMNH 26496,OMNH 26496f,OMNH 26496f1,f1,MM,Ornithischia,16.9,,0.2
OMNH 26496,OMNH 26496g,OMNH 26496g1,g1,MM,Ornithischia,15.4,,0.2
OMNH 26496,OMNH 26496h,OMNH 26496h1,h1,MM,Ornithischia,17.5,,0.2
OMNH 26496,OMNH 26496i,OMNH 26496i1,i1,MM,Ornithischia,18.4,,0.2
OMNH 26496,OMNH 26496j,OMNH 26496j1,j1,MM,Ornithischia,16.6,,0.5
OMNH 27954,OMNH 27954a,OMNH 27954a1,a1,MM,Glyptops sp?,15.3,,0.6
OMNH 27954,OMNH 27954a,OMNH 27954a2,a2,MM,Glyptops sp?,15.4,,0.6
OMNH 27954,OMNH 27954a,OMNH 27954a3,a3,MM,Glyptops sp?,14.5,15.1,0.1/0.1
OMNH 27954,OMNH 27954b,OMNH 27954b1,b1,MM,Glyptops sp?,15.6,,0.11
OMNH 27954,OMNH 27954b,OMNH 27954b2,b2,MM,Glyptops sp?,16.4,,0.6
OMNH 27954,OMNH 27954b,OMNH 27954b3,b3,MM,Glyptops sp?,15.9,,0.6
OMNH 27954,OMNH 27954c,OMNH 27954c1,c1,MM,Glyptops sp?,15.8,,0.6
OMNH 28830,OMNH 28830a,OMNH 28830a1,a1,MM,Trionyclidae,16.4,,0.6
OMNH 28830,OMNH 28830a,OMNH 28830a2,a2,MM,Trionyclidae,16.2,,0.6
OMNH 28830,OMNH 28830a,OMNH 28830a3,a3,MM,Trionyclidae,14.7,,0.6
OMNH 28830,OMNH 28830a,OMNH 28830a4,a4,MM,Trionyclidae,16.2,,0.6
OMNH 27958,OMNH 27958a,OMNH 27958a1,a1,MM,Naomichelys sp,15.9,,0.6
OMNH 27958,OMNH 27958a,OMNH 27958a2,a2,MM,Naomichelys sp,16.2,,0.6
OMNH 27958,OMNH 27958a,OMNH 27958a3,a3,MM,Naomichelys sp,15.6,,0.6
OMNH 27958,OMNH 27958a,OMNH 27958a4,a4,MM,Naomichelys sp,15.6,,0.6
OMNH 27958,OMNH 27958b,OMNH 27958b1,b1,MM,Naomichelys sp,16.1,,0.6
OMNH 27958,OMNH 27958b,OMNH 27958b2,b2,MM,Naomichelys sp,16,,0.6
OMNH 27958,OMNH 27958b,OMNH 27958b3,b3,MM,Naomichelys sp,16.3,,0.6
OMNH 27958,OMNH 27958c,OMNH 27958c1,c1,MM,Naomichelys sp,16,15.5,0.1/0.1
OMNH 27958,OMNH 27958c,OMNH 27958c2,c2,MM,Naomichelys sp,14.5,,0.6
OMNH 34571,OMNH 34571c,OMNH 34571croc-2,croc-2,MM,Crocodylia scute,15.6,,0.6
OMNH 34571,OMNH 34571c,OMNH 34571croc-3,croc-3,MM,Crocodylia scute,13.5,,0.6
OMNH 34571,OMNH 34571c,OMNH 34571croc-4,croc-4,MM,Crocodylia scute,15.9,,0
OMNH 27956,OMNH 27956a,OMNH 27956a1,a1,MM,Crocodylia scute,15.3,,0.6
OMNH 27956,OMNH 27956a,OMNH 27956a2,a2,MM,Crocodylia scute,15.2,,0.6
OMNH 27956,OMNH 27956a,OMNH 27956a3,a3,MM,Crocodylia scute,15.3,,0.6
OMNH 27956,OMNH 27956a,OMNH 27956a4,a4,MM,Crocodylia scute,15.1,,0
OMNH 27956,OMNH 27956b,OMNH 27956b1,b1,MM,Crocodylia scute,15.2,,0.6
OMNH 27956,OMNH 27956b,OMNH 27956b2,b2,MM,Crocodylia scute,15.3,,0.6
OMNH 27956,OMNH 27956c,OMNH 27956c1,c1,MM,Crocodylia scute,15.9,,0.6
OMNH 27956,OMNH 27956c,OMNH 27956c2,c2,MM,Crocodylia scute,16.9,,0.6
OMNH 26585,OMNH 26585a,OMNH 26585a1,a1,MM,Mammalia,18,,
OMNH 26585,OMNH 26585b,OMNH 26585b1,b1,MM,Mammalia,17.4,,0.5
OMNH 26585,OMNH 26585c,OMNH 26585c1,c1,MM,Mammalia,14.8,,0.2
OMNH 26585,OMNH 26585d,OMNH 26585d1,d1,MM,Mammalia,17,,0.2
OMNH 26585,OMNH 26585e,OMNH 26585e1,e1,MM,Mammalia,14.8,,0.2
OMNH 26585,OMNH 26585f,OMNH 26585f1,f1,MM,Mammalia,16.4,,0.2
OMNH 26585,OMNH 26585g,OMNH 26585g1,g1,MM,Mammalia,18,,0.2
OMNH 26585,OMNH 26585h,OMNH 26585h1,h1,MM,Mammalia,16,,0.2
OMNH 26585,OMNH 26585i,OMNH 26585i1,i1,MM,Mammalia,14.9,,0.2
OMNH 26585,OMNH 26585j,OMNH 26585j1,j1,MM,Mammalia,15.5,,0.2
OMNH 26585,OMNH 26585k,OMNH 26585k1,k1,MM,Mammalia,16.4,,0.2
CEUM 31234,CEUM 31234-,CEUM 31234-1,-1,RRM,Brachiosaur,17.9,,0.6
CEUM 31234,CEUM 31234-,CEUM 31234-2,-2,RRM,Brachiosaur,18,,0.6
CEUM 31234,CEUM 31234-,CEUM 31234-3,-3,RRM,Brachiosaur,18.5,,0.6
CEUM 31234,CEUM 31234-,CEUM 31234-4,-4,RRM,Brachiosaur,18.4,,0.6
CEUM 31234,CEUM 31234-,CEUM 31234-5,-5,RRM,Brachiosaur,18.3,,0.6
CEUM 31234,CEUM 31234-,CEUM 31234-6,-6,RRM,Brachiosaur,18.6,,0.6
CEUM 31234,CEUM 31234-,CEUM 31234-7,-7,RRM,Brachiosaur,17.8,,0.6
CEUM 31234,CEUM 31234-,CEUM 31234-8,-8,RRM,Brachiosaur,18.6,,0.6
CEUM 31234,CEUM 31234a,CEUM 31234a1,a1,RRM,Brachiosaur,16.6,,UM
CEUM 31234,CEUM 31234b,CEUM 31234b1,b1,RRM,Brachiosaur,17.6,,UM
CEUM 31948,CEUM 31948-,CEUM 31948-1,-1,RRM,Brachiosaur,19.4,,0.6
CEUM 31948,CEUM 31948-,CEUM 31948-2,-2,RRM,Brachiosaur,20.4,,0.6
CEUM 31948,CEUM 31948-,CEUM 31948-3,-3,RRM,Brachiosaur,19.9,,0.6
CEUM 31948,CEUM 31948-,CEUM 31948-4,-4,RRM,Brachiosaur,20.2,,0.6
CEUM 31948,CEUM 31948-,CEUM 31948-5,-5,RRM,Brachiosaur,20,,0.6
CEUM 31948,CEUM 31948-,CEUM 31948-6,-6,RRM,Brachiosaur,20.4,,0.6
CEUM 31948,CEUM 31948-,CEUM 31948-7,-7,RRM,Brachiosaur,21.9,,0.6
CEUM 31948,CEUM 31948-,CEUM 31948-8,-8,RRM,Brachiosaur,21.6,,0.6
CEUM 31948,CEUM 31948-,CEUM 31948-9,-9,RRM,Brachiosaur,21,,0.3
CEUM 31948,CEUM 31948-,CEUM 31948-10,-10,RRM,Brachiosaur,22.2,,0.3
CEUM 31948,CEUM 31948-,CEUM 31948-11,-11,RRM,Brachiosaur,21.2,,0.3
CEUM 31948,CEUM 31948-,CEUM 31948-12,-12,RRM,Brachiosaur,22.1,,0.3
CEUM 31948,CEUM 31948-,CEUM 31948-13,-13,RRM,Brachiosaur,21.3,,0.4
CEUM 31948,CEUM 31948-,CEUM 31948-14,-14,RRM,Brachiosaur,20.2,,0.4
CEUM12500,CEUM12500-1,CEUM12500-1,-1,RRM,Acrocanthosaur,18.2,,0.6
CEUM12500,CEUM12500-2,CEUM12500-2,-2,RRM,Acrocanthosaur,18,,0.6
CEUM12500,CEUM12500-3,CEUM12500-3,-3,RRM,Acrocanthosaur,17.9,,0.6
CEUM12500,CEUM12500-4,CEUM12500-4,-4,RRM,Acrocanthosaur,18.5,,0.6
CEUM12500,CEUM12500-5,CEUM12500-5,-5,RRM,Acrocanthosaur,17.8,,0.6
CEUM12500,CEUM12500-6,CEUM12500-6,-6,RRM,Acrocanthosaur,18.5,,0.6
CEUM12500,CEUM12500-7,CEUM12500-7,-7,RRM,Acrocanthosaur,18.1,,0.6
CEUM12500,CEUM12500-8,CEUM12500-8,-8,RRM,Acrocanthosaur,18.3,,0.6
CEUM23266,CEUM23266-1,CEUM23266-1,-1,RRM,Acrocanthosaur,20.6,,0.4
CEUM23266,CEUM23266-2,CEUM23266-2,-2,RRM,Acrocanthosaur,20.4,,0.4
CEUM23266,CEUM23266-3,CEUM23266-3,-3,RRM,Acrocanthosaur,20.7,,0.4
CEUM23266,CEUM23266-4,CEUM23266-4,-4,RRM,Acrocanthosaur,21.5,,0.4
CEUM23266,CEUM23266-5,CEUM23266-5,-5,RRM,Acrocanthosaur,21.7,,0.4
CEUM23266,CEUM23266-6,CEUM23266-6,-6,RRM,Acrocanthosaur,22.1,,0.4
CEUM23266,CEUM23266-7,CEUM23266-7,-7,RRM,Acrocanthosaur,23.5,,0.4
CEUM23266,CEUM23266-8,CEUM23266-8,-8,RRM,Acrocanthosaur,23,,0.4
CEUM 35842,CEUM 35842-,CEUM 35842-1,-1,RRM,Acrocanthosaur,19.7,,0
CEUM 35842,CEUM 35842-,CEUM 35842-2,-2,RRM,Acrocanthosaur,20.2,,0
CEUM 35842,CEUM 35842-,CEUM 35842-3,-3,RRM,Acrocanthosaur,18.7,,0
CEUM 35842,CEUM 35842-,CEUM 35842-4,-4,RRM,Acrocanthosaur,18.3,,0
CEUM 35842,CEUM 35842-,CEUM 35842-6,-6,RRM,Acrocanthosaur,15.2,,0
CEUM 31232,CEUM 31232-,CEUM 31232-1,-1,RRM,Acrocanthosaur,24.9,,0
CEUM 31232,CEUM 31232-,CEUM 31232-2,-2,RRM,Acrocanthosaur,23.7,23.9,0/0
CEUM 31232,CEUM 31232-,CEUM 31232-3,-3,RRM,Acrocanthosaur,24.7,,0
CEUM 31232,CEUM 31232-,CEUM 31232-4,-4,RRM,Acrocanthosaur,23.1,,0
CEUM 38739,CEUM 38739-,CEUM 38739-1,-1,RRM,small theropod,17.4,,0
CEUM 38739,CEUM 38739-,CEUM 38739-2,-2,RRM,small theropod,16.7,,0
CEUM 31946,CEUM 31946-,CEUM 31946-1,-1,RRM,small theropod,17.6,,0
CEUM 12760,CEUM 12760-,CEUM 12760-1,-1,RRM,small theropod,17.7,,0
CEUM 26312,CEUM 26312-,CEUM 26312-1,-1,RRM,small theropod,21.4,,0
CEUM 11736,CEUM 11736a,CEUM 11736a1,a1,RRM,turtle scute,14,,UM
CEUM 11736,CEUM 11736b,CEUM 11736b1,b1,RRM,turtle scute,13.4,,UM
CEUM 11736,CEUM 11736c,CEUM 11736c1,c1,RRM,turtle scute,15.9,,0.6
CEUM 11736,CEUM 11736d,CEUM 11736d1,d1,RRM,turtle scute,14.8,,0.6
CEUM 11736,CEUM 11736e,CEUM 11736e1,e1,RRM,turtle scute,16.1,,0.6
CEUM 11736,CEUM 11736f,CEUM 11736f1,f1,RRM,turtle scute,15.8,,0.4
CEUM 11736,CEUM 11736g,CEUM 11736g1,g1,RRM,turtle scute,15.7,,0.4
CEUM 11736,CEUM 11736h,CEUM 11736h1,h1,RRM,turtle scute,15.6,,0.4
CEUM 12843,CEUM 12843-,CEUM 12843-1,-1,RRM,Naomichelys sp,14.5,,0
CEUM 12843,CEUM 12843-,CEUM 12843-2,-2,RRM,Naomichelys sp,14.8,,0
CEUM 12843,CEUM 12843-,CEUM 12843-3,-3,RRM,Naomichelys sp,15.5,,0
CEUM 12843,CEUM 12843-,CEUM 12843-4,-4,RRM,Naomichelys sp,14.8,,0
CEUM 12843,CEUM 12843-,CEUM 12843-5,-5,RRM,Naomichelys sp,14.7,,0
CEUM 12843,CEUM 12843-,CEUM 12843-6,-6,RRM,Naomichelys sp,14.8,,0
NoID turtle,NoID turtle,NoID turtle-1,-1,RRM,turtle,13.7,,0
NoID turtle,NoID turtle,NoID turtle-2,-2,RRM,turtle,14.3,,0
NoID turtle,NoID turtle,NoID turtle-3,-3,RRM,turtle,14.7,,0
NoID turtle,NoID turtle,NoID turtle-4,-4,RRM,turtle,14.9,,0
CEUM 35798,CEUM 35798-,CEUM 35798-1,-1,RRM,crocodile tooth,17,,0
CEUM 35798,CEUM 35798-,CEUM 35798-2,-2,RRM,crocodile tooth,17.7,,0
CEUM 35798,CEUM 35798-,CEUM 35798-3,-3,RRM,crocodile tooth,17.5,,0
CEUM 35798,CEUM 35798-,CEUM 35798-4,-4,RRM,crocodile tooth,17,,0
CEUM 10882,CEUM 10882a,CEUM 10882a1,a1,RRM,crocodile tooth,16.7,,0
BYUVP11532-,BYUVP11532-,BYUVP11532-1,1,uYCM,sauropod,25.2,25.8,0.1/1
BYUVP11532-,BYUVP11532-,BYUVP11532-2,2,uYCM,sauropod,26.1,25.7,0.1/0.1
BYUVP11532-,BYUVP11532-,BYUVP11532-3,3,uYCM,sauropod,25.8,24.9,0.1/2
BYUVP11532-,BYUVP11532-,BYUVP11532-4,4,uYCM,sauropod,25.8,25.2,0.1/0.2
BYUVP11532-,BYUVP11532-,BYUVP11532-5,5,uYCM,sauropod,21.6,,0.1
BYUVP11532-,BYUVP11532-,BYUVP11532-6,6,uYCM,sauropod,24.3,23.9,0.1/01
BYUVP11532-,BYUVP11532-,BYUVP11532-7,7,uYCM,sauropod,26.3,25.9,0.1/0.2
BYUVP 18156-,BYUVP 18156,BYUVP 18156-1,1,uYCM,sauropod,22.3,,0.2
BYUVP 18156-,BYUVP 18156,BYUVP 18156-2,2,uYCM,sauropod,22,,0.2
BYUVP 18156-,BYUVP 18156,BYUVP 18156-3,3,uYCM,sauropod,22.5,,0.2
BYUVP 18156-,BYUVP 18156,BYUVP 18156-4,4,uYCM,sauropod,22.4,22.7,0.1/0.1
BYUVP 18156-,BYUVP 18156,BYUVP 18156-5,5,uYCM,sauropod,22.5,,0.1
BYUVP-18171-,BYUVP-18171,BYUVP-18171-1,1,uYCM,sauropod,22.3,,0.1
BYUVP-18171-,BYUVP-18171,BYUVP-18171-2,2,uYCM,sauropod,22.9,,0.1
BYUVP-18171-,BYUVP-18171,BYUVP-18171-3,3,uYCM,sauropod,22.6,,0.1
BYUVP-18171-,BYUVP-18171,BYUVP-18171-4,4,uYCM,sauropod,22,,0.1
BYUVP-18171-,BYUVP-18171,BYUVP-18171-5,5,uYCM,sauropod,21.4,,0.1
BYUVP 18185-,BYUVP 18185,BYUVP 18185-1,1,uYCM,sauropod,17.3,,0.1
BYUVP 18185-,BYUVP 18185,BYUVP 18185-2,2,uYCM,sauropod,16.8,,0.1
BYUVP 18185-,BYUVP 18185,BYUVP 18185-3,3,uYCM,sauropod,17.1,,0.1
BYUVP 18185-,BYUVP 18185,BYUVP 18185-4,4,uYCM,sauropod,17.2,,0.1
BYUVP 18185-,BYUVP 18185,BYUVP 18185-5,5,uYCM,sauropod,17.2,,0.1
BYUVP14173-,BYUVP14173-,BYUVP14173-1,1,uYCM,Utahraptor,18,,0.2
BYUVP14173-,BYUVP14173-,BYUVP14173-2,2,uYCM,Utahraptor,18.7,,0.2
BYUVP14173-,BYUVP14173-,BYUVP14173-3,3,uYCM,Utahraptor,19.1,,0.2
BYUVP14173-,BYUVP14173-,BYUVP14173-4,4,uYCM,Utahraptor,18.5,,0.2
BYUVP 18104-,BYUVP 18104,BYUVP 18104-1,1,uYCM,Utahraptor,15.6,,0.1
BYUVP 18104-,BYUVP 18104,BYUVP 18104-2,2,uYCM,Utahraptor,16.8,,0.1
BYUVP 18104-,BYUVP 18104,BYUVP 18104-3,3,uYCM,Utahraptor,16.7,,0.1
BYUVP 18104-,BYUVP 18104,BYUVP 18104-4,4,uYCM,Utahraptor,18.3,,0.1
BYUVP 18104-,BYUVP 18104,BYUVP 18104-5,5,uYCM,Utahraptor,18.6,,0.1
BYUVP 14452-,BYUVP 14452,BYUVP 14452-1,1,uYCM,Utahraptor,17.7,,0.1
BYUVP 14452-,BYUVP 14452,BYUVP 14452-2,2,uYCM,Utahraptor,17.7,,0.1
BYUVP 14452-,BYUVP 14452,BYUVP 14452-3,3,uYCM,Utahraptor,18,,0.1
BYUVP 14452-,BYUVP 14452,BYUVP 14452-4,4,uYCM,Utahraptor,19.1,,0.5
BYUVP 14452-,BYUVP 14452,BYUVP 14452-5,5,uYCM,Utahraptor,18.7,,0.1
BYUVP 18099-,BYUVP 18099,BYUVP 18099-1,1,uYCM,Utahraptor,17.8,,0.5
BYUVP 18099-,BYUVP 18099,BYUVP 18099-2,2,uYCM,Utahraptor,17.9,,0.5
BYUVP 18099-,BYUVP 18099,BYUVP 18099-3,3,uYCM,Utahraptor,19,,0.5
BYUVP 18099-,BYUVP 18099,BYUVP 18099-4,4,uYCM,Utahraptor,18.8,,0.1
BYUVP 18099-,BYUVP 18099,BYUVP 18099-5,5,uYCM,Utahraptor,19,,0.1
BYUVP11340-,BYUVP11340-,BYUVP11340-1,1,uYCM,Iguanodontid,22.3,,0.2
BYUVP11340-,BYUVP11340-,BYUVP11340-2,2,uYCM,Iguanodontid,22,,0.2
BYUVP11340-,BYUVP11340-,BYUVP11340-3,3,uYCM,Iguanodontid,20.9,,0.2
BYUVP11340-,BYUVP11340-,BYUVP11340-4,4,uYCM,Iguanodontid,22.2,,0.2
BYUVP11340-,BYUVP11340-,BYUVP11340-5,5,uYCM,Iguanodontid,21.6,,0.2
BYUVP11340-,BYUVP11340-,BYUVP11340-6,6,uYCM,Iguanodontid,22.2,,0.2
BYUM-CISGO-TS014-,BYUM-CISGO-,BYUM-CISGO-TS014-1,1,uYCM,Chelonia,14.2,,0.4
BYUM-CISGO-TS014-,BYUM-CISGO-,BYUM-CISGO-TS014-2,2,uYCM,Chelonia,14.3,,0.3
BYUM-CISGO-TS014-,BYUM-CISGO-,BYUM-CISGO-TS014-3,3,uYCM,Chelonia,13.5,,0.3
BYUM-CISGO-TS014-,BYUM-CISGO-,BYUM-CISGO-TS014-4,4,uYCM,Chelonia,14,,0.3
BYUM-CISGO-TS014-,BYUM-CISGO-,BYUM-CISGO-TS014-5,5,uYCM,Chelonia,14.5,,0.3
DB-Brach1-,DB-Brach1-1,DB-Brach1-1,1,lYCM,Brachiosaur,24,,0.2
DB-Brach1-,DB-Brach1-2,DB-Brach1-2,2,lYCM,Brachiosaur,23.7,,0.2
DB-Brach1-,DB-Brach1-3,DB-Brach1-3,3,lYCM,Brachiosaur,23.7,,0.2
DB-Brach1-,DB-Brach1-4,DB-Brach1-4,4,lYCM,Brachiosaur,23.6,,0.2
DB-Brach1-,DB-Brach1-5,DB-Brach1-5,5,lYCM,Brachiosaur,22.8,,0.2
DB-Brach1-,DB-Brach1-6,DB-Brach1-6,6,lYCM,Brachiosaur,23.2,,0.2
DB-Brach1-,DB-Brach1-7,DB-Brach1-7,7,lYCM,Brachiosaur,22.8,,0.2
DB-Brach1-,DB-Brach1-8,DB-Brach1-8,8,lYCM,Brachiosaur,23.1,,0.1
DB-Brach1-,DB-Brach1-1,DB-Brach1-10,10,lYCM,Brachiosaur,23.3,,0.1
DB-Brach1-,DB-Brach1-1,DB-Brach1-11,11,lYCM,Brachiosaur,24.2,,0.1
DB-Brach1-,DB-Brach1-1,DB-Brach1-12,12,lYCM,Brachiosaur,24.1,,0.1
DB-Brach1-,DB-Brach1-1,DB-Brach1-13,13,lYCM,Brachiosaur,23.5,,0.1
DB-Brach1-,DB-Brach1-1,DB-Brach1-14,14,lYCM,Brachiosaur,24.1,,0.1
DB-Brach1-,DB-Brach1-1,DB-Brach1-15,15,lYCM,Brachiosaur,24.3,,0.1
DB-Brach1-,DB-Brach1-1,DB-Brach1-16,16,lYCM,Brachiosaur,24.1,,0.1
DB-Brach1-,DB-Brach1-1,DB-Brach1-17,17,lYCM,Brachiosaur,24,,0.1
DB-Brach1-,DB-Brach1-1,DB-Brach1-18,18,lYCM,Brachiosaur,24,,0.1
DB-Brach1-,DB-Brach1-1,DB-Brach1-19,19,lYCM,Brachiosaur,23.8,,0.1
DB-Brach1-,DB-Brach1-2,DB-Brach1-20,20,lYCM,Brachiosaur,23.4,,0.1
DB-Brach1-,DB-Brach1-2,DB-Brach1-21,21,lYCM,Brachiosaur,23.5,,0.1
DB-Brach1-,DB-Brach1-2,DB-Brach1-22,22,lYCM,Brachiosaur,23.8,,0.1
DB-Brach1-,DB-Brach1-2,DB-Brach1-23,23,lYCM,Brachiosaur,23.9,,0.1
DB-Brach1-,DB-Brach1-2,DB-Brach1-24,24,lYCM,Brachiosaur,24.4,,0.1
DB-Brach1-,DB-Brach1-2,DB-Brach1-25,25,lYCM,Brachiosaur,24.4,,0.1
DB-Brach1-,DB-Brach1-2,DB-Brach1-26,26,lYCM,Brachiosaur,23.7,,0.1
DB-Brach1-,DB-Brach1-2,DB-Brach1-27,27,lYCM,Brachiosaur,23.2,,0.1
DB-Brach1-,DB-Brach1-2,DB-Brach1-28,28,lYCM,Brachiosaur,23.4,,0.1
DB-Brach1-,DB-Brach1-2,DB-Brach1-29,29,lYCM,Brachiosaur,23.7,,0.1
DB-Brach1-,DB-Brach1-3,DB-Brach1-30,30,lYCM,Brachiosaur,22.9,,0.1
DB-Brach1-,DB-Brach1-3,DB-Brach1-31,31,lYCM,Brachiosaur,23.1,,0.1
DB-Brach1-,DB-Brach1-3,DB-Brach1-32,32,lYCM,Brachiosaur,22.1,,0.1
DB-Brach2-,DB-Brach2-1,DB-Brach2-1,1,lYCM,Brachiosaur,18.2,,0.2
DB-Brach2-,DB-Brach2-2,DB-Brach2-2,2,lYCM,Brachiosaur,17,,0.2
DB-Brach2-,DB-Brach2-3,DB-Brach2-3,3,lYCM,Brachiosaur,17.3,,0.2
DB-Brach2-,DB-Brach2-4,DB-Brach2-4,4,lYCM,Brachiosaur,17.8,,0.2
DB-Brach2-,DB-Brach2-5,DB-Brach2-5,5,lYCM,Brachiosaur,17.3,,0.2
DB-Brach2-,DB-Brach2-6,DB-Brach2-6,6,lYCM,Brachiosaur,17.2,,0.2
DB-Brach3-,DB-Brach3-1,DB-Brach3-1,1,lYCM,Brachiosaur,17.8,,0.2
DB-Brach3-,DB-Brach3-2,DB-Brach3-2,2,lYCM,Brachiosaur,17.7,,0.2
DB-Brach3-,DB-Brach3-3,DB-Brach3-3,3,lYCM,Brachiosaur,17.1,,0.2
DB-Brach3-,DB-Brach3-4,DB-Brach3-4,4,lYCM,Brachiosaur,20.8,,0.2
DB-Brach3-,DB-Brach3-5,DB-Brach3-5,5,lYCM,Brachiosaur,17.8,,0.2
DB-Brach3-,DB-Brach3-6,DB-Brach3-6,6,lYCM,Brachiosaur,17.4,,0.2
DB-Brach3-,DB-Brach3-7,DB-Brach3-7,7,lYCM,Brachiosaur,17.1,,0.2
DB-Acro-,DB-Acro-1,DB-Acro-1,1,lYCM,Acrocanthosaur,19.8,,0.2
DB-Acro-,DB-Acro-2,DB-Acro-2,2,lYCM,Acrocanthosaur,20,,0.2
DB-Acro-,DB-Acro-3,DB-Acro-3,3,lYCM,Acrocanthosaur,20.3,,0.2
DB-Acro-,DB-Acro-4,DB-Acro-4,4,lYCM,Acrocanthosaur,19.7,,0.2
DB-Acro-,DB-Acro-5,DB-Acro-5,5,lYCM,Acrocanthosaur,20,,0.2
DB-Acro-,DB-Acro-6,DB-Acro-6,6,lYCM,Acrocanthosaur,19.7,,0.2
DB-Acro-,DB-Acro-7,DB-Acro-7,7,lYCM,Acrocanthosaur,20.1,,0.2
DB-Acro-,DB-Acro-9,DB-Acro-9,9,lYCM,Acrocanthosaur,18.4,,0.2
DB-Acro-,DB-Acro-10,DB-Acro-10,10,lYCM,Acrocanthosaur,18.8,,0.2
DB-Acro-,DB-Acro-11,DB-Acro-11,11,lYCM,Acrocanthosaur,19.1,,0.2
DB-Acro-,DB-Acro-12,DB-Acro-12,12,lYCM,Acrocanthosaur,19.1,,0.2
DB-Acro-,DB-Acro-13,DB-Acro-13,13,lYCM,Acrocanthosaur,19.2,,0.2
DB-Acro-,DB-Acro-14,DB-Acro-14,14,lYCM,Acrocanthosaur,18.8,,0.2
DB-Acro-,DB-Acro-15,DB-Acro-15,15,lYCM,Acrocanthosaur,18.5,,0.2
DB-Acro-,DB-Acro-16,DB-Acro-16,16,lYCM,Acrocanthosaur,19.3,,0.2
DB-Acro-,DB-Acro-17,DB-Acro-17,17,lYCM,Acrocanthosaur,19.1,,0.2
DB-Acro-,DB-Acro-18,DB-Acro-18,18,lYCM,Acrocanthosaur,17.8,,0.2
DB-Acro-,DB-Acro-19,DB-Acro-19,19,lYCM,Acrocanthosaur,18.5,,0.2
DB-Acro-,DB-Acro-20,DB-Acro-20,20,lYCM,Acrocanthosaur,19.5,,0.2
DB-Acro-,DB-Acro-21,DB-Acro-21,21,lYCM,Acrocanthosaur,19.7,,0.2
DB-Acro-,DB-Acro-22,DB-Acro-22,22,lYCM,Acrocanthosaur,19.6,,0.2
DB-Acro-,DB-Acro-23,DB-Acro-23,23,lYCM,Acrocanthosaur,18.9,,0.2
DB-Acro-,DB-Acro-24,DB-Acro-24,24,lYCM,Acrocanthosaur,19.2,,0.2
DB-Acro-,DB-Acro-25,DB-Acro-25,25,lYCM,Acrocanthosaur,19.6,,0.2
DB-Acro-,DB-Acro-26,DB-Acro-26,26,lYCM,Acrocanthosaur,19.3,,0.2
DB-Acro-,DB-Acro-27,DB-Acro-27,27,lYCM,Acrocanthosaur,18.8,,0.2
DB-Acro-,DB-Acro-28,DB-Acro-28,28,lYCM,Acrocanthosaur,18.2,,0.2
DB-Acro-,DB-Acro-29,DB-Acro-29,29,lYCM,Acrocanthosaur,18,,0.2
DB-Acro-,DB-Acro-30,DB-Acro-30,30,lYCM,Acrocanthosaur,17.7,,0.2
DB-Theropod1-,DB-Theropod,DB-Theropod1-1,1,lYCM,small theropod,15.2,,0.2
DB-Theropod1-,DB-Theropod,DB-Theropod1-2,2,lYCM,small theropod,15.5,,0.2
DB-Theropod1-,DB-Theropod,DB-Theropod1-3,3,lYCM,small theropod,15.9,,0.2
DB-Theropod1-,DB-Theropod,DB-Theropod1-4,4,lYCM,small theropod,15.9,,0.2
DB-Theropod1-,DB-Theropod,DB-Theropod1-5,5,lYCM,small theropod,15.5,,0.2
DB-Theropod1-,DB-Theropod,DB-Theropod1-6,6,lYCM,small theropod,15.5,,0.2
DB-Theropod1-,DB-Theropod,DB-Theropod1-7,7,lYCM,small theropod,15.8,,0.2
DB-Theropod1-,DB-Theropod,DB-Theropod1-8,8,lYCM,small theropod,14.7,,0.2
DB-Theropod1-,DB-Theropod,DB-Theropod1-9,9,lYCM,small theropod,15.1,,0.2
DB-Theropod1-,DB-Theropod,DB-Theropod1-10,10,lYCM,small theropod,15.2,,0.2
DB-Theropod1-,DB-Theropod,DB-Theropod1-11,11,lYCM,small theropod,15.2,,0.2
DBDP-57-,DBDP-57-4,DBDP-57-4,4,lYCM,small theropod,17.5,,0.2
DBDP-57-,DBDP-57-5,DBDP-57-5,5,lYCM,small theropod,15.9,,0.2
DBDP-57-,DBDP-57-6,DBDP-57-6,6,lYCM,small theropod,16.9,,0.2
DBDP-57-,DBDP-57-1,DBDP-57-1,1,lYCM,small theropod,17.8,,0.2
DBDP-57-,DBDP-57-2,DBDP-57-2,2,lYCM,small theropod,17.8,,0.2
DBDP-57-,DBDP-57-3,DBDP-57-3,3,lYCM,small theropod,20.2,,0.2
DB-Theropod2-,DB-Theropod,DB-Theropod2-1,1,lYCM,small theropod,20.2,,0.1
DB-Theropod2-,DB-Theropod,DB-Theropod2-2,2,lYCM,small theropod,18.8,,0.1
DB-Theropod2-,DB-Theropod,DB-Theropod2-3,3,lYCM,small theropod,18.7,,0.1
DB-Theropod2-,DB-Theropod,DB-Theropod2-4,4,lYCM,small theropod,19,,0.1
DB-Theropod2-,DB-Theropod,DB-Theropod2-5,5,lYCM,small theropod,18.6,,0.1
DB-Iguano1-,DB-Iguano1-,DB-Iguano1-1,1,lYCM,Iguanodontid,15.6,,0.2
DB-Iguano1-,DB-Iguano1-,DB-Iguano1-2,2,lYCM,Iguanodontid,14.9,,0.2
DB-Iguano1-,DB-Iguano1-,DB-Iguano1-3,3,lYCM,Iguanodontid,15.3,,0.2
DB-Iguano1-,DB-Iguano1-,DB-Iguano1-4,4,lYCM,Iguanodontid,14.7,,0.2
DB-Iguano1-,DB-Iguano1-,DB-Iguano1-5,5,lYCM,Iguanodontid,14.8,,0.2
DB-Iguano1-,DB-Iguano1-,DB-Iguano1-6,6,lYCM,Iguanodontid,14.5,,0.2
DB-Iguano1-,DB-Iguano1-,DB-Iguano1-7,7,lYCM,Iguanodontid,13.8,,0.2
DB-Iguano2-,DB-Iguano2-,DB-Iguano2-1,1,lYCM,Iguanodontid,14.9,,0.2
DB-Iguano2-,DB-Iguano2-,DB-Iguano2-2,2,lYCM,Iguanodontid,15,,0.2
DB-Iguano2-,DB-Iguano2-,DB-Iguano2-3,3,lYCM,Iguanodontid,15.4,,0.2
DBDP-28-,DBDP-28-1,DBDP-28-1,1,lYCM,Iguanodontid,19.6,,0.2
DBDP-28-,DBDP-28-2,DBDP-28-2,2,lYCM,Iguanodontid,19.9,,0.2
DBDP-28-,DBDP-28-3,DBDP-28-3,3,lYCM,Iguanodontid,18.6,,0.2
DBDP-28-,DBDP-28-4,DBDP-28-4,4,lYCM,Iguanodontid,17.6,,0.2
DBDP-28-,DBDP-28-5,DBDP-28-5,5,lYCM,Iguanodontid,18,,0.2
DBDP-107a-,DBDP-107a-1,DBDP-107a-1,1,lYCM,Iguanodontid,16.7,,0.1
DBDP-107a-,DBDP-107a-2,DBDP-107a-2,2,lYCM,Iguanodontid,17,,0.1
DBDP-58-,DBDP-58-1,DBDP-58-1,1,lYCM,Iguanodontid,21.3,,0.1
DBDP-58-,DBDP-58-2,DBDP-58-2,2,lYCM,Iguanodontid,18,,0.1
DBDP-58-,DBDP-58-3,DBDP-58-3,3,lYCM,Iguanodontid,18.2,,0.1
DBDP-58-,DBDP-58-4,DBDP-58-4,4,lYCM,Iguanodontid,19.5,,0.1
DBDP-58-,DBDP-58-5,DBDP-58-5,5,lYCM,Iguanodontid,18.1,,0.1
DBSP-3-,DBSP-3-1a,DBSP-3-1a,1a,lYCM,Iguanodontid,16.8,16.81,0.1/0.2
DBSP-3-,DBSP-3-2a,DBSP-3-2a,2a,lYCM,Iguanodontid,16.2,16.21,0.1/0.2
DBSP-3-,DBSP-3-2b,DBSP-3-2b,2b,lYCM,Iguanodontid,16.7,16.74,0.1/02
DBDP-15-,DBDP-15-1,DBDP-15-1,1,lYCM,Iguanodontid,18.6,,0.2
DBDP-15-,DBDP-15-2,DBDP-15-2,2,lYCM,Iguanodontid,20.8,20.3,0.2/0.2
DBDP-15-,DBDP-15-3,DBDP-15-3,3,lYCM,Iguanodontid,20.9,21.5,0.2/0.2
DBDP-15-,DBDP-15-4,DBDP-15-4,4,lYCM,Iguanodontid,20.8,20.8,0.2/0.2
DBDP-15-,DBDP-15-5,DBDP-15-5,5,lYCM,Iguanodontid,20.9,20.9,0.2/0.2
DB-Iguano3-,DB-Iguano3-,DB-Iguano3-1,1,lYCM,Iguanodontid,20.1,,0.2
DB-Iguano3-,DB-Iguano3-,DB-Iguano3-2,2,lYCM,Iguanodontid,20.3,,0.2
DB-Iguano3-,DB-Iguano3-,DB-Iguano3-3,3,lYCM,Iguanodontid,20.6,,0.2
DB-Iguano3-,DB-Iguano3-,DB-Iguano3-4,4,lYCM,Iguanodontid,18.8,,0.2
DB-Croc1-,DB-Croc1-1,DB-Croc1-1,1,lYCM,Crocodile,18.9,,0.2
DB-Croc1-,DB-Croc1-2,DB-Croc1-2,2,lYCM,Crocodile,19.4,,0.2
DB-Croc1-,DB-Croc1-3,DB-Croc1-3,3,lYCM,Crocodile,19.6,,0.2
DB-Croc1-,DB-Croc1-5,DB-Croc1-5,5,lYCM,Crocodile,18.8,,0.2
DB-Croc1-,DB-Croc1-4,DB-Croc1-4,4,lYCM,Crocodile,18.6,,0.2
DB-Croc2-,DB-Croc2-1,DB-Croc2-1,1,lYCM,Crocodile,19,,0.1
DB-Croc2-,DB-Croc2-2,DB-Croc2-2,2,lYCM,Crocodile,19.9,,0.2
DB-Croc2-,DB-Croc2-3,DB-Croc2-3,3,lYCM,Crocodile,18.5,,0.2
DB-Croc2-,DB-Croc2-4,DB-Croc2-4,4,lYCM,Crocodile,19.7,,0.2
UMNH 16867-,UMNH 16867-,UMNH 16867-1,1,uYCM,crocodilian scute,13.3,,0.1
UMNH 16867-,UMNH 16867-,UMNH 16867-2,2,uYCM,crocodilian scute,13.3,,0.1
UMNH 16867-,UMNH 16867-,UMNH 16867-3,3,uYCM,crocodilian scute,12.5,,0.1
UMNH 16867-,UMNH 16867-,UMNH 16867-4,4,uYCM,crocodilian scute,14.1,,0.1
UMNH 16867-,UMNH 16867-,UMNH 16867-5,5,uYCM,crocodilian scute,13.7,,0.1
UMNH 16867-,UMNH 16867-,UMNH 16867-6,6,uYCM,crocodilian scute,14.1,,0.1
UMNH 16867-,UMNH 16867-,UMNH 16867-7,7,uYCM,crocodilian scute,13.3,,0.1
UMNH 16867-,UMNH 16867-,UMNH 16867-8,8,uYCM,crocodilian scute,14.1,,0.1
UMNH 16867-,UMNH 16867-,UMNH 16867-9,9,uYCM,crocodilian scute,13,,0.1
UMNH 16867-,UMNH 16867-,UMNH 16867-10,10,uYCM,crocodilian scute,14,,0.1
UMNH 16867-,UMNH 16867-,UMNH 16867-11,11,uYCM,crocodilian scute,14.1,,0.1
UMNH 16867-,UMNH 16867-,UMNH 16867-12,12,uYCM,crocodilian scute,14.3,,0.1
DMNH-55492,DMNH-55492a,DMNH-55492a4,a4,RRM,Ornithischian,15.3,,0
DMNH-55492,DMNH-55492a,DMNH-55492a5,a5,RRM,Ornithischian,14.9,,0.9
DMNH-55492,DMNH-55492a,DMNH-55492a6,a6,RRM,Ornithischian,15.8,,0.9
DMNH-55492,DMNH-55492a,DMNH-55492a7,a7,RRM,Ornithischian,15.4,,0.9
DMNH-55492,DMNH-55492b,DMNH-55492b1,b1,RRM,Ornithischian,15.3,,0
DMNH-55492,DMNH-55492b,DMNH-55492b2,b2,RRM,Ornithischian,14.4,,0
DMNH-55492,DMNH-55492b,DMNH-55492b3,b3,RRM,Ornithischian,15.3,,0
DMNH-55492,DMNH-55492c,DMNH-55492c1,c1,RRM,Ornithischian,15.1,,0
DMNH-55492,DMNH-55492c,DMNH-55492c2,c2,RRM,Ornithischian,15.6,,0.4
DMNH-55492,DMNH-55492d,DMNH-55492d1,d1,RRM,Ornithischian,14.5,,0
DMNH-55492,DMNH-55492d,DMNH-55492d2,d2,RRM,Ornithischian,14.6,,0
DMNH-55492,DMNH-55492e,DMNH-55492e1,e1,RRM,Ornithischian,14.9,,0
DMNH-55492,DMNH-55492f,DMNH-55492f1,f1,RRM,Ornithischian,14.6,,0